{"entities":{"pages":{"Native1":{"id":"Native1","title":"420-2N2-DM Développement d\u0027applications natives I","url":"native1.html","level":0,"tabIndex":0},"c01-Les-bases-du-langage-Go":{"id":"c01-Les-bases-du-langage-Go","title":"Chapitre 1 : Les bases du langage Go","url":"c01-les-bases-du-langage-go.html","level":0,"pages":["c01s01-Le-premier-programme","c01s02-Les-variables-et-les-types-de-base","c01s03-Les-differentes-facons-d-ecrire-des-valeurs","c01s04-Les-fonctions","c01s05-Les-conditionnelles","c01s06-Les-boucles","ch01-Exercices","c01-References"],"tabIndex":1},"c01s01-Le-premier-programme":{"id":"c01s01-Le-premier-programme","title":"Section 1 : Le premier programme","url":"c01s01-le-premier-programme.html","level":1,"parentId":"c01-Les-bases-du-langage-Go","tabIndex":0},"c01s02-Les-variables-et-les-types-de-base":{"id":"c01s02-Les-variables-et-les-types-de-base","title":"Section 2 : Les variables et les types de base","url":"c01s02-les-variables-et-les-types-de-base.html","level":1,"parentId":"c01-Les-bases-du-langage-Go","tabIndex":1},"c01s03-Les-differentes-facons-d-ecrire-des-valeurs":{"id":"c01s03-Les-differentes-facons-d-ecrire-des-valeurs","title":"Section 3 : Les différentes façons d\u0027écrire des valeurs","url":"c01s03-les-differentes-facons-d-ecrire-des-valeurs.html","level":1,"parentId":"c01-Les-bases-du-langage-Go","tabIndex":2},"c01s04-Les-fonctions":{"id":"c01s04-Les-fonctions","title":"Section 4 : Les fonctions","url":"c01s04-les-fonctions.html","level":1,"parentId":"c01-Les-bases-du-langage-Go","tabIndex":3},"c01s05-Les-conditionnelles":{"id":"c01s05-Les-conditionnelles","title":"Section 5 : Les conditionnelles","url":"c01s05-les-conditionnelles.html","level":1,"parentId":"c01-Les-bases-du-langage-Go","tabIndex":4},"c01s06-Les-boucles":{"id":"c01s06-Les-boucles","title":"Section 6 : Les boucles","url":"c01s06-les-boucles.html","level":1,"parentId":"c01-Les-bases-du-langage-Go","tabIndex":5},"ch01-Exercices":{"id":"ch01-Exercices","title":"Exercices","url":"ch01-exercices.html","level":1,"parentId":"c01-Les-bases-du-langage-Go","tabIndex":6},"c01-References":{"id":"c01-References","title":"Références","url":"c01-references.html","level":1,"parentId":"c01-Les-bases-du-langage-Go","tabIndex":7},"ch02-Les-pointeurs-et-la-gestion-de-la-memoire":{"id":"ch02-Les-pointeurs-et-la-gestion-de-la-memoire","title":"Chapitre 2 : Les pointeurs","url":"ch02-les-pointeurs-et-la-gestion-de-la-memoire.html","level":0,"pages":["ch02s01-Les-pointeurs","ch02s02-Appels-de-fonctions-et-types-de-parametres","ch02s03-Section-3-Lire-des-valeurs-avec-Scanf","ch02s04-Section-4-Validation-des-entrees","ch02-Exercices"],"tabIndex":2},"ch02s01-Les-pointeurs":{"id":"ch02s01-Les-pointeurs","title":"Section 1 : Les pointeurs","url":"ch02s01-les-pointeurs.html","level":1,"parentId":"ch02-Les-pointeurs-et-la-gestion-de-la-memoire","tabIndex":0},"ch02s02-Appels-de-fonctions-et-types-de-parametres":{"id":"ch02s02-Appels-de-fonctions-et-types-de-parametres","title":"Section 2 : Appels de fonctions et types de paramètres","url":"ch02s02-appels-de-fonctions-et-types-de-parametres.html","level":1,"parentId":"ch02-Les-pointeurs-et-la-gestion-de-la-memoire","tabIndex":1},"ch02s03-Section-3-Lire-des-valeurs-avec-Scanf":{"id":"ch02s03-Section-3-Lire-des-valeurs-avec-Scanf","title":"Section 3 : Lire des valeurs avec Scanf","url":"ch02s03-section-3-lire-des-valeurs-avec-scanf.html","level":1,"parentId":"ch02-Les-pointeurs-et-la-gestion-de-la-memoire","tabIndex":2},"ch02s04-Section-4-Validation-des-entrees":{"id":"ch02s04-Section-4-Validation-des-entrees","title":"Section 4 : Validation des entrées","url":"ch02s04-section-4-validation-des-entrees.html","level":1,"parentId":"ch02-Les-pointeurs-et-la-gestion-de-la-memoire","tabIndex":3},"ch02-Exercices":{"id":"ch02-Exercices","title":"Exercices","url":"ch02-exercices.html","level":1,"parentId":"ch02-Les-pointeurs-et-la-gestion-de-la-memoire","tabIndex":4},"ch03-Tableaux-vs-Tranches":{"id":"ch03-Tableaux-vs-Tranches","title":"Chapitre 3 : Tableaux et tranches","url":"ch03-tableaux-vs-tranches.html","level":0,"pages":["ch03s01-Section-1-valeur-ou-pointeur","ch03s02-Section-2-Tranches","ch03s03-Section-3-Chaines-de-caracteres","ch03-Exercices"],"tabIndex":3},"ch03s01-Section-1-valeur-ou-pointeur":{"id":"ch03s01-Section-1-valeur-ou-pointeur","title":"Section 1 : Valeur ou pointeur ?","url":"ch03s01-section-1-valeur-ou-pointeur.html","level":1,"parentId":"ch03-Tableaux-vs-Tranches","tabIndex":0},"ch03s02-Section-2-Tranches":{"id":"ch03s02-Section-2-Tranches","title":"Section 2 : Tranches","url":"ch03s02-section-2-tranches.html","level":1,"parentId":"ch03-Tableaux-vs-Tranches","tabIndex":1},"ch03s03-Section-3-Chaines-de-caracteres":{"id":"ch03s03-Section-3-Chaines-de-caracteres","title":"Section 3 : Chaînes de caractères","url":"ch03s03-section-3-chaines-de-caracteres.html","level":1,"parentId":"ch03-Tableaux-vs-Tranches","tabIndex":2},"ch03-Exercices":{"id":"ch03-Exercices","title":"Exercices","url":"ch03-exercices.html","level":1,"parentId":"ch03-Tableaux-vs-Tranches","tabIndex":3},"ch04-Chapitre-4-La-gestion-des-fichiers":{"id":"ch04-Chapitre-4-La-gestion-des-fichiers","title":"Chapitre 4 : La gestion des fichiers","url":"ch04-chapitre-4-la-gestion-des-fichiers.html","level":0,"pages":["ch04s01-Section-1-Lire-le-contenu-d-un-fichier","ch04s02-Section-2-Ecrire-dans-un-fichier","ch04s03-Section-3-Copier-un-fichier","ch04s04-Autres-facons-d-ouvrir-un-fichier"],"tabIndex":4},"ch04s01-Section-1-Lire-le-contenu-d-un-fichier":{"id":"ch04s01-Section-1-Lire-le-contenu-d-un-fichier","title":"Section 1 : Lire le contenu d\u0027un fichier","url":"ch04s01-section-1-lire-le-contenu-d-un-fichier.html","level":1,"parentId":"ch04-Chapitre-4-La-gestion-des-fichiers","tabIndex":0},"ch04s02-Section-2-Ecrire-dans-un-fichier":{"id":"ch04s02-Section-2-Ecrire-dans-un-fichier","title":"Section 2 : Écrire dans un fichier","url":"ch04s02-section-2-ecrire-dans-un-fichier.html","level":1,"parentId":"ch04-Chapitre-4-La-gestion-des-fichiers","tabIndex":1},"ch04s03-Section-3-Copier-un-fichier":{"id":"ch04s03-Section-3-Copier-un-fichier","title":"Section 3 : Copier un fichier en ajoutant des numéros de ligne","url":"ch04s03-section-3-copier-un-fichier.html","level":1,"parentId":"ch04-Chapitre-4-La-gestion-des-fichiers","tabIndex":2},"ch04s04-Autres-facons-d-ouvrir-un-fichier":{"id":"ch04s04-Autres-facons-d-ouvrir-un-fichier","title":"Section 4 : Autres façons d\u0027ouvrir un fichier","url":"ch04s04-autres-facons-d-ouvrir-un-fichier.html","level":1,"parentId":"ch04-Chapitre-4-La-gestion-des-fichiers","tabIndex":3},"ch05-Chapitre-5-Les-structures":{"id":"ch05-Chapitre-5-Les-structures","title":"Chapitre 5 : Les structures","url":"ch05-chapitre-5-les-structures.html","level":0,"pages":["ch05s01-Section-1-Valeur-vs-pointeur","ch05s02-Section-2-Methodes","ch05s03-Section-3-Serialisation-des-structures"],"tabIndex":5},"ch05s01-Section-1-Valeur-vs-pointeur":{"id":"ch05s01-Section-1-Valeur-vs-pointeur","title":"Section 1 : Valeur vs. pointeur","url":"ch05s01-section-1-valeur-vs-pointeur.html","level":1,"parentId":"ch05-Chapitre-5-Les-structures","tabIndex":0},"ch05s02-Section-2-Methodes":{"id":"ch05s02-Section-2-Methodes","title":"Section 2 : Méthodes","url":"ch05s02-section-2-methodes.html","level":1,"parentId":"ch05-Chapitre-5-Les-structures","tabIndex":1},"ch05s03-Section-3-Serialisation-des-structures":{"id":"ch05s03-Section-3-Serialisation-des-structures","title":"Section 3 : Sérialisation des structures","url":"ch05s03-section-3-serialisation-des-structures.html","level":1,"parentId":"ch05-Chapitre-5-Les-structures","tabIndex":2},"ch06-Gestion-de-la-memoire":{"id":"ch06-Gestion-de-la-memoire","title":"Chapitre 6 : Gestion de la mémoire","url":"ch06-gestion-de-la-memoire.html","level":0,"pages":["ch06s01-Section-1-La-pile","ch06s02-Section-2-Le-tas","ch06s03-Section-3-Le-vidangeur","ch06s04-Section-4-Les-tranches"],"tabIndex":6},"ch06s01-Section-1-La-pile":{"id":"ch06s01-Section-1-La-pile","title":"Section 1 : La pile d\u0027exécution","url":"ch06s01-section-1-la-pile.html","level":1,"parentId":"ch06-Gestion-de-la-memoire","tabIndex":0},"ch06s02-Section-2-Le-tas":{"id":"ch06s02-Section-2-Le-tas","title":"Section 2 : Le tas","url":"ch06s02-section-2-le-tas.html","level":1,"parentId":"ch06-Gestion-de-la-memoire","tabIndex":1},"ch06s03-Section-3-Le-vidangeur":{"id":"ch06s03-Section-3-Le-vidangeur","title":"Section 3 : Le vidangeur","url":"ch06s03-section-3-le-vidangeur.html","level":1,"parentId":"ch06-Gestion-de-la-memoire","tabIndex":2},"ch06s04-Section-4-Les-tranches":{"id":"ch06s04-Section-4-Les-tranches","title":"Section 4 : Les tranches","url":"ch06s04-section-4-les-tranches.html","level":1,"parentId":"ch06-Gestion-de-la-memoire","pages":["ch06s04-Operations-sur-les-tranches"],"tabIndex":3},"ch06s04-Operations-sur-les-tranches":{"id":"ch06s04-Operations-sur-les-tranches","title":"Opérations sur les tranches","url":"ch06s04-operations-sur-les-tranches.html","level":2,"parentId":"ch06s04-Section-4-Les-tranches","tabIndex":0},"Chapitre-7-Les-listes-chainees":{"id":"Chapitre-7-Les-listes-chainees","title":"Chapitre 7 : Les listes chaînées","url":"chapitre-7-les-listes-chainees.html","level":0,"tabIndex":7}}},"topLevelIds":["Native1","c01-Les-bases-du-langage-Go","ch02-Les-pointeurs-et-la-gestion-de-la-memoire","ch03-Tableaux-vs-Tranches","ch04-Chapitre-4-La-gestion-des-fichiers","ch05-Chapitre-5-Les-structures","ch06-Gestion-de-la-memoire","Chapitre-7-Les-listes-chainees"]}