{"entities":{"pages":{"Native1":{"id":"Native1","title":"420-2N2-DM Développement d\u0027applications natives I","url":"native1.html","level":0,"tabIndex":0},"c01-Les-bases-du-langage-Go":{"id":"c01-Les-bases-du-langage-Go","title":"Chapitre 1 : Les bases du langage Go","url":"c01-les-bases-du-langage-go.html","level":0,"pages":["c01s02-Le-premier-programme","c01s02-Les-variables-et-les-types-de-base","c01s03-Les-differentes-façons-d-ecrire-des-valeurs","c01s04-Les-fonctions","c01s05-Les-conditionnelles","c01s06-Les-boucles","c01-References"],"tabIndex":1},"c01s02-Le-premier-programme":{"id":"c01s02-Le-premier-programme","title":"Section 1 : Le premier programme","url":"c01s02-le-premier-programme.html","level":1,"parentId":"c01-Les-bases-du-langage-Go","tabIndex":0},"c01s02-Les-variables-et-les-types-de-base":{"id":"c01s02-Les-variables-et-les-types-de-base","title":"Section 2 : les variables et les types de base","url":"c01s02-les-variables-et-les-types-de-base.html","level":1,"parentId":"c01-Les-bases-du-langage-Go","tabIndex":1},"c01s03-Les-differentes-façons-d-ecrire-des-valeurs":{"id":"c01s03-Les-differentes-façons-d-ecrire-des-valeurs","title":"Section 3 : les différentes façons d\u0027écrire des valeurs","url":"c01s03-les-differentes-façons-d-ecrire-des-valeurs.html","level":1,"parentId":"c01-Les-bases-du-langage-Go","tabIndex":2},"c01s04-Les-fonctions":{"id":"c01s04-Les-fonctions","title":"Section 4 : les fonctions","url":"c01s04-les-fonctions.html","level":1,"parentId":"c01-Les-bases-du-langage-Go","tabIndex":3},"c01s05-Les-conditionnelles":{"id":"c01s05-Les-conditionnelles","title":"Section 5 : les conditionnelles","url":"c01s05-les-conditionnelles.html","level":1,"parentId":"c01-Les-bases-du-langage-Go","tabIndex":4},"c01s06-Les-boucles":{"id":"c01s06-Les-boucles","title":"Section 6 : les boucles","url":"c01s06-les-boucles.html","level":1,"parentId":"c01-Les-bases-du-langage-Go","tabIndex":5},"c01-References":{"id":"c01-References","title":"Références","url":"c01-references.html","level":1,"parentId":"c01-Les-bases-du-langage-Go","tabIndex":6},"Les-pointeurs-et-la-gestion-de-la-memoire":{"id":"Les-pointeurs-et-la-gestion-de-la-memoire","title":"Chapitre 2: Les pointeurs et la gestion de la mémoire","url":"les-pointeurs-et-la-gestion-de-la-memoire.html","level":0,"pages":["Les-pointeurs","Appels-de-fonctions-et-types-de-parametres","Lire-des-valeurs-avec-Scanf","Gestion-de-la-memoire","Tableaux-vs-Tranches"],"tabIndex":2},"Les-pointeurs":{"id":"Les-pointeurs","title":"Section 1 : Les pointeurs","url":"les-pointeurs.html","level":1,"parentId":"Les-pointeurs-et-la-gestion-de-la-memoire","tabIndex":0},"Appels-de-fonctions-et-types-de-parametres":{"id":"Appels-de-fonctions-et-types-de-parametres","title":"Section 2 : Appels de fonctions et types de paramètres","url":"appels-de-fonctions-et-types-de-parametres.html","level":1,"parentId":"Les-pointeurs-et-la-gestion-de-la-memoire","tabIndex":1},"Lire-des-valeurs-avec-Scanf":{"id":"Lire-des-valeurs-avec-Scanf","title":"Section 3 : Lire des valeurs avec Scanf","url":"lire-des-valeurs-avec-scanf.html","level":1,"parentId":"Les-pointeurs-et-la-gestion-de-la-memoire","tabIndex":2},"Gestion-de-la-memoire":{"id":"Gestion-de-la-memoire","title":"Section 4 : Gestion de la mémoire","url":"gestion-de-la-memoire.html","level":1,"parentId":"Les-pointeurs-et-la-gestion-de-la-memoire","tabIndex":3},"Tableaux-vs-Tranches":{"id":"Tableaux-vs-Tranches","title":"Section 5 : Tableaux vs. Tranches","url":"tableaux-vs-tranches.html","level":1,"parentId":"Les-pointeurs-et-la-gestion-de-la-memoire","tabIndex":4}}},"topLevelIds":["Native1","c01-Les-bases-du-langage-Go","Les-pointeurs-et-la-gestion-de-la-memoire"]}