{"entities":{"pages":{"Native1":{"id":"Native1","title":"420-2N2-DM Développement d\u0027applications natives I","url":"native1.html","level":0,"tabIndex":0},"c01-Les-bases-du-langage-Go":{"id":"c01-Les-bases-du-langage-Go","title":"Chapitre 1 : Les bases du langage Go","url":"c01-les-bases-du-langage-go.html","level":0,"pages":["c01s01-Le-premier-programme","c01s02-Les-variables-et-les-types-de-base","c01s03-Les-differentes-facons-d-ecrire-des-valeurs","c01s04-Les-fonctions","c01s05-Les-conditionnelles","c01s06-Les-boucles","ch01-Exercices","c01-References"],"tabIndex":1},"c01s01-Le-premier-programme":{"id":"c01s01-Le-premier-programme","title":"Section 1 : Le premier programme","url":"c01s01-le-premier-programme.html","level":1,"parentId":"c01-Les-bases-du-langage-Go","tabIndex":0},"c01s02-Les-variables-et-les-types-de-base":{"id":"c01s02-Les-variables-et-les-types-de-base","title":"Section 2 : Les variables et les types de base","url":"c01s02-les-variables-et-les-types-de-base.html","level":1,"parentId":"c01-Les-bases-du-langage-Go","tabIndex":1},"c01s03-Les-differentes-facons-d-ecrire-des-valeurs":{"id":"c01s03-Les-differentes-facons-d-ecrire-des-valeurs","title":"Section 3 : Les différentes façons d\u0027écrire des valeurs","url":"c01s03-les-differentes-facons-d-ecrire-des-valeurs.html","level":1,"parentId":"c01-Les-bases-du-langage-Go","tabIndex":2},"c01s04-Les-fonctions":{"id":"c01s04-Les-fonctions","title":"Section 4 : Les fonctions","url":"c01s04-les-fonctions.html","level":1,"parentId":"c01-Les-bases-du-langage-Go","tabIndex":3},"c01s05-Les-conditionnelles":{"id":"c01s05-Les-conditionnelles","title":"Section 5 : Les conditionnelles","url":"c01s05-les-conditionnelles.html","level":1,"parentId":"c01-Les-bases-du-langage-Go","tabIndex":4},"c01s06-Les-boucles":{"id":"c01s06-Les-boucles","title":"Section 6 : Les boucles","url":"c01s06-les-boucles.html","level":1,"parentId":"c01-Les-bases-du-langage-Go","tabIndex":5},"ch01-Exercices":{"id":"ch01-Exercices","title":"Exercices","url":"ch01-exercices.html","level":1,"parentId":"c01-Les-bases-du-langage-Go","tabIndex":6},"c01-References":{"id":"c01-References","title":"Références","url":"c01-references.html","level":1,"parentId":"c01-Les-bases-du-langage-Go","tabIndex":7},"ch02-Les-pointeurs-et-la-gestion-de-la-memoire":{"id":"ch02-Les-pointeurs-et-la-gestion-de-la-memoire","title":"Chapitre 2 : Les pointeurs","url":"ch02-les-pointeurs-et-la-gestion-de-la-memoire.html","level":0,"pages":["ch02s01-Les-pointeurs","ch02s02-Appels-de-fonctions-et-types-de-parametres","ch02s03-Section-3-Lire-des-valeurs-avec-Scanf","ch02s04-Section-4-Validation-des-entrees","ch02-Exercices"],"tabIndex":2},"ch02s01-Les-pointeurs":{"id":"ch02s01-Les-pointeurs","title":"Section 1 : Les pointeurs","url":"ch02s01-les-pointeurs.html","level":1,"parentId":"ch02-Les-pointeurs-et-la-gestion-de-la-memoire","tabIndex":0},"ch02s02-Appels-de-fonctions-et-types-de-parametres":{"id":"ch02s02-Appels-de-fonctions-et-types-de-parametres","title":"Section 2 : Appels de fonctions et types de paramètres","url":"ch02s02-appels-de-fonctions-et-types-de-parametres.html","level":1,"parentId":"ch02-Les-pointeurs-et-la-gestion-de-la-memoire","tabIndex":1},"ch02s03-Section-3-Lire-des-valeurs-avec-Scanf":{"id":"ch02s03-Section-3-Lire-des-valeurs-avec-Scanf","title":"Section 3 : Lire des valeurs avec Scanf","url":"ch02s03-section-3-lire-des-valeurs-avec-scanf.html","level":1,"parentId":"ch02-Les-pointeurs-et-la-gestion-de-la-memoire","tabIndex":2},"ch02s04-Section-4-Validation-des-entrees":{"id":"ch02s04-Section-4-Validation-des-entrees","title":"Section 4 : Validation des entrées","url":"ch02s04-section-4-validation-des-entrees.html","level":1,"parentId":"ch02-Les-pointeurs-et-la-gestion-de-la-memoire","tabIndex":3},"ch02-Exercices":{"id":"ch02-Exercices","title":"Exercices","url":"ch02-exercices.html","level":1,"parentId":"ch02-Les-pointeurs-et-la-gestion-de-la-memoire","tabIndex":4},"ch03-Tableaux-vs-Tranches":{"id":"ch03-Tableaux-vs-Tranches","title":"Chapitre 3 : Tableaux et tranches","url":"ch03-tableaux-vs-tranches.html","level":0,"pages":["ch03s01-Section-1-valeur-ou-pointeur","ch03s02-Section-2-Tranches","ch03s03-Section-3-Chaines-de-caracteres"],"tabIndex":3},"ch03s01-Section-1-valeur-ou-pointeur":{"id":"ch03s01-Section-1-valeur-ou-pointeur","title":"Section 1 : Valeur ou pointeur ?","url":"ch03s01-section-1-valeur-ou-pointeur.html","level":1,"parentId":"ch03-Tableaux-vs-Tranches","tabIndex":0},"ch03s02-Section-2-Tranches":{"id":"ch03s02-Section-2-Tranches","title":"Section 2 : Tranches","url":"ch03s02-section-2-tranches.html","level":1,"parentId":"ch03-Tableaux-vs-Tranches","tabIndex":1},"ch03s03-Section-3-Chaines-de-caracteres":{"id":"ch03s03-Section-3-Chaines-de-caracteres","title":"Section 3 : Chaînes de caractères","url":"ch03s03-section-3-chaines-de-caracteres.html","level":1,"parentId":"ch03-Tableaux-vs-Tranches","tabIndex":2},"ch04-Chapitre-4-La-gestion-des-fichiers":{"id":"ch04-Chapitre-4-La-gestion-des-fichiers","title":"Chapitre 4 : La gestion des fichiers","url":"ch04-chapitre-4-la-gestion-des-fichiers.html","level":0,"pages":["ch04s01-Section-1-Lire-le-contenu-d-un-fichier","ch04s02-Section-2-Ecrire-dans-un-fichier","ch04s03-Section-3-Copier-un-fichier"],"tabIndex":4},"ch04s01-Section-1-Lire-le-contenu-d-un-fichier":{"id":"ch04s01-Section-1-Lire-le-contenu-d-un-fichier","title":"Section 1 : Lire le contenu d\u0027un fichier","url":"ch04s01-section-1-lire-le-contenu-d-un-fichier.html","level":1,"parentId":"ch04-Chapitre-4-La-gestion-des-fichiers","tabIndex":0},"ch04s02-Section-2-Ecrire-dans-un-fichier":{"id":"ch04s02-Section-2-Ecrire-dans-un-fichier","title":"Section 2 : Écrire dans un fichier","url":"ch04s02-section-2-ecrire-dans-un-fichier.html","level":1,"parentId":"ch04-Chapitre-4-La-gestion-des-fichiers","tabIndex":1},"ch04s03-Section-3-Copier-un-fichier":{"id":"ch04s03-Section-3-Copier-un-fichier","title":"Section 3 : Copier un fichier en ajoutant des numéros de ligne","url":"ch04s03-section-3-copier-un-fichier.html","level":1,"parentId":"ch04-Chapitre-4-La-gestion-des-fichiers","tabIndex":2},"ch05-Chapitre-5-Les-structures":{"id":"ch05-Chapitre-5-Les-structures","title":"Chapitre 5 : Les structures","url":"ch05-chapitre-5-les-structures.html","level":0,"tabIndex":5},"Gestion-de-la-memoire":{"id":"Gestion-de-la-memoire","title":"Chapitre 6 : Gestion de la mémoire","url":"gestion-de-la-memoire.html","level":0,"tabIndex":6},"Chapitre-7-Les-listes-chaînées":{"id":"Chapitre-7-Les-listes-chaînées","title":"Chapitre 7 : Les listes chaînées","url":"chapitre-7-les-listes-chaînées.html","level":0,"tabIndex":7}}},"topLevelIds":["Native1","c01-Les-bases-du-langage-Go","ch02-Les-pointeurs-et-la-gestion-de-la-memoire","ch03-Tableaux-vs-Tranches","ch04-Chapitre-4-La-gestion-des-fichiers","ch05-Chapitre-5-Les-structures","Gestion-de-la-memoire","Chapitre-7-Les-listes-chaînées"]}